name,category,date
恐龙奔跑者,敏捷篇,2022-11-09
拔起一切,敏捷篇,2022-11-09
电影设备2,益智类,2022-11-08
化学元素,益智类,2022-11-08
手电筒男孩冒险,冒险类,2022-11-08
拯救蓝蟹,益智类,2022-11-08
救援跑酷男子,益智类,2022-11-08
开车的兔子逃脱,益智类,2022-11-08
三国文字大战,益智类,2022-11-08
一滴不漏,益智类,2022-11-08
恶犬追击,敏捷篇,2022-11-08
极速之王,益智类,2022-11-08
吉他手蚱蜢逃脱,益智类,2022-11-08
踩碎数字方块,益智类,2022-11-08
美丽的小鸟逃脱,益智类,2022-11-08
穿靴子的猫拼图,益智类,2022-11-08
逃离芝加哥,益智类,2022-11-08
豪华别墅快逃脱,益智类,2022-11-08
猫鼬夫妇救援,益智类,2022-11-08
神秘幻觉森林逃脱,益智类,2022-11-08
午夜汽车收钻石,体育类,2022-11-08
图腾闪避球,敏捷篇,2022-11-08
扫雷舰长,益智类,2022-11-07
逃离深海之中,益智类,2022-11-07
木块拼接,益智类,2022-11-07
救援蓝雀,益智类,2022-11-07
救援困惑的猴子,益智类,2022-11-07
逃离电动汽车,益智类,2022-11-07
直升机大挑战,敏捷篇,2022-11-07
逃离养鸭场2,益智类,2022-11-07
英雄冒险,冒险类,2022-11-07
可爱花童逃脱,益智类,2022-11-07
逗小猴开心系列711,益智类,2022-11-07
小矮人之城,益智类,2022-11-07
密码之书,益智类,2022-11-07
神秘的城堡探险,益智类,2022-11-07
寻找天使羽毛,益智类,2022-11-07
校园失物招领,益智类,2022-11-06
荒废的郊区,益智类,2022-11-06
救援漂亮的女海盗,益智类,2022-11-06
小恐龙快逃跑,益智类,2022-11-06
可爱的龙虾逃脱,益智类,2022-11-06
煤矿井下逃生,益智类,2022-11-06
救援蓝色的小蛇,益智类,2022-11-06
美丽的猫头鹰逃脱,益智类,2022-11-06
训练数学学霸,益智类,2022-11-06
森林小屋快逃脱,益智类,2022-11-06
逃离豪华汽车展厅,益智类,2022-11-05
山景别墅逃生,益智类,2022-11-05
彩色液体分类,益智类,2022-11-05
救出可怜的驴,益智类,2022-11-05
救援莎能奶羊,益智类,2022-11-05
救出可怜的小鸭子,益智类,2022-11-05
救援受困的鹤,益智类,2022-11-05
坦克双人战争,射击类,2022-11-05
救援魔法男子,益智类,2022-11-05
走失的水手,益智类,2022-11-05
追求魔法,益智类,2022-11-05
万圣节前的准备,益智类,2022-11-05
端庄伊丽莎白装,装扮类,2022-11-05
迷人的万圣妆容,装扮类,2022-11-05
帮助袋鼠逃离,益智类,2022-11-05
救出可爱的松鼠,益智类,2022-11-04
金雀逃脱,益智类,2022-11-04
寻找咖啡杯,益智类,2022-11-04
小鸟逃跑,益智类,2022-11-04
救援快乐的兔子姑娘,益智类,2022-11-04
花花大战僵尸,策略类,2022-11-04
逃离城市房屋,益智类,2022-11-04
空中跑酷之王,敏捷篇,2022-11-04
造梦大乱斗,动作类,2022-11-04
休闲小时光,休闲类,2022-11-04
2048球体2,敏捷篇,2022-11-04
逃离紫色之林,益智类,2022-11-04
救援可怜的渡渡鸟,益智类,2022-11-04
救援饥饿的女朋友,益智类,2022-11-04
星际风格服饰,装扮类,2022-11-04
昏暗儿童房逃生76,益智类,2022-11-04
救援受困的小蚂蚁,益智类,2022-11-04
最佳情侣穿搭,装扮类,2022-11-04
魔法森林草,益智类,2022-11-04
秘密的海盗岛,益智类,2022-11-04
水晶泡森林逃脱,益智类,2022-11-04
诡异的万圣村,益智类,2022-11-04
僵尸任务12,冒险类,2022-11-03
援救笼中恐龙,益智类,2022-11-03
我的猫咖,模拟经营,2022-11-03
安娜逃脱,益智类,2022-11-03
可爱图形相连,益智类,2022-11-03
街头小汽车驾驶,体育类,2022-11-03
轨道羊羔逃生,益智类,2022-11-03
未来卡车驾驶,体育类,2022-11-03
跳跃小红块,敏捷篇,2022-11-03
拯救可爱的兔子,益智类,2022-11-03
逃出蓝色调房屋4,益智类,2022-11-03
聪明姑娘逃脱,益智类,2022-11-03
救援忍者老鼠,益智类,2022-11-03
涂鸦机器人冒险,冒险类,2022-11-03
救援迷人的怪物,益智类,2022-11-03
救援清秀的怪物,益智类,2022-11-03
救援可爱的鹿,益智类,2022-11-03
刀锋剑客拼图,益智类,2022-11-03
逃离鸟林,益智类,2022-11-03
救援有趣的红蚂蚁,益智类,2022-11-03
帮刺猬逃离,益智类,2022-11-03
小狼踢足球,敏捷篇,2022-11-03
寻找姑娘的手机,益智类,2022-11-03
援救老虎幼崽,益智类,2022-11-03
时尚带绳服饰,装扮类,2022-11-02
秋季冒险,益智类,2022-11-02
背后的真相,益智类,2022-11-02
惊喜大师,益智类,2022-11-02
芭蕾舞者娇娇,装扮类,2022-11-02
疯狂飞行员,射击类,2022-11-02
萌物环环扣,益智类,2022-11-02
救援可怜的渔夫,益智类,2022-11-02
鸡蛋进热锅,益智类,2022-11-02
草坪收割者,敏捷篇,2022-11-02
雨天男孩逃脱,益智类,2022-11-02
南瓜巫师逃脱,益智类,2022-11-02
糖豆人淘汰赛,休闲类,2022-11-02
小怪物快逃跑,益智类,2022-11-02
救援白色羊驼,益智类,2022-11-02
救援年迈的熊,益智类,2022-11-02
悠哉钓鱼,敏捷篇,2022-11-02
建造熊猫雕像,休闲类,2022-11-02
救援幸福的老夫妇,益智类,2022-11-02
救援女术士,益智类,2022-11-02
救援雄狐,益智类,2022-11-02
救援有趣的蜂蜜,益智类,2022-11-02
学校假期逃脱,益智类,2022-11-02
逗小猴开心系列710,益智类,2022-11-02
丢失的钻石,益智类,2022-11-02
时尚小姑娘逃脱,益智类,2022-11-01
邪恶的南瓜怪,益智类,2022-11-01
自然回忆录,益智类,2022-11-01
布伦达探险家,益智类,2022-11-01
时尚长马甲,装扮类,2022-11-01
伊莎的春色服装,装扮类,2022-11-01
载人摩托,敏捷篇,2022-11-01
壮汉大比拼2,敏捷篇,2022-11-01
神奇脑回路,休闲类,2022-11-01
逃离士兵营地,益智类,2022-11-01
空间管理大师,休闲类,2022-11-01
救出饥饿的女子3,益智类,2022-11-01
救援鱼鸦,益智类,2022-11-01
兰博基尼汽车逃脱,益智类,2022-11-01
救援花蜜蜂,益智类,2022-11-01
领地冲突,策略类,2022-11-01
漂亮小男孩逃脱,益智类,2022-11-01
正能量联盟,敏捷篇,2022-11-01
逃离洛杉矶,益智类,2022-11-01
方块酷跑,敏捷篇,2022-11-01
双人井字棋,棋牌类,2022-10-31
玩具小屋逃脱9,益智类,2022-10-31
立方体快速翻转,敏捷篇,2022-10-31
把杯子装满,益智类,2022-10-31
救援可怜的家伙,益智类,2022-10-31
神奇花园,益智类,2022-10-31
特别的优惠,益智类,2022-10-31
万圣主题屋找不同,益智类,2022-10-31
快速搭建房屋,敏捷篇,2022-10-31
玩具小屋逃脱13,益智类,2022-10-31
万圣节海滩别墅,益智类,2022-10-31
逃出整洁小房屋,益智类,2022-10-31
舒适卧室逃脱,益智类,2022-10-31
橡胶人地牢突击,射击类,2022-10-31
消灭曲奇饼,射击类,2022-10-31
双面人先生,冒险类,2022-10-30
字母连携,益智类,2022-10-30
火柴人无限火力,益智类,2022-10-30
青蛇逃脱,益智类,2022-10-30
欢快的老鼠逃跑,益智类,2022-10-30
可爱女孩逃出房屋,益智类,2022-10-30
寻找汤姆丢失的钱,益智类,2022-10-30
3D麻将连一连,益智类,2022-10-30
气泡碰撞消除,益智类,2022-10-30
小鱼方块连连看,益智类,2022-10-30
连环汽车驾驶,体育类,2022-10-30
小心脚下的桥,敏捷篇,2022-10-30
忍者战怪物,敏捷篇,2022-10-30
史蒂夫和亚历克斯,冒险类,2022-10-30
熊猫糖果泡泡龙,休闲类,2022-10-30
40米大长刀,益智类,2022-10-29
萌龙与勇士,休闲类,2022-10-29
大塔楼小广场2,冒险类,2022-10-29
大塔楼小广场,冒险类,2022-10-29
逃离凄凉的森林3,益智类,2022-10-29
逃离绿色草坪后院,益智类,2022-10-29
小妖躺平,策略类,2022-10-29
救出可怜的松鼠,益智类,2022-10-29
救出粉红小猪仔,益智类,2022-10-29
救援哭泣的女孩2,益智类,2022-10-29
救援时髦的男子,益智类,2022-10-29
救援小螳螂,益智类,2022-10-29
皇室守卫,益智类,2022-10-29
森林保护中心,益智类,2022-10-29
给国王的礼物,益智类,2022-10-29
疯狂的空中方块,敏捷篇,2022-10-28
不要生气了,冒险类,2022-10-28
蜘蛛方块,敏捷篇,2022-10-28
零之战线,策略类,2022-10-28
索因克,冒险类,2022-10-28
办公室图片找茬,益智类,2022-10-28
禁卫军塔,射击类,2022-10-28
有趣的铅笔逃脱,益智类,2022-10-28
蝙蝠离开恶魔城,敏捷篇,2022-10-28
name,category,date
恐龙奔跑者,敏捷篇,2022-11-09
拔起一切,敏捷篇,2022-11-09
电影设备2,益智类,2022-11-08
化学元素,益智类,2022-11-08
手电筒男孩冒险,冒险类,2022-11-08
拯救蓝蟹,益智类,2022-11-08
救援跑酷男子,益智类,2022-11-08
开车的兔子逃脱,益智类,2022-11-08
三国文字大战,益智类,2022-11-08
一滴不漏,益智类,2022-11-08
恶犬追击,敏捷篇,2022-11-08
极速之王,益智类,2022-11-08
吉他手蚱蜢逃脱,益智类,2022-11-08
踩碎数字方块,益智类,2022-11-08
美丽的小鸟逃脱,益智类,2022-11-08
穿靴子的猫拼图,益智类,2022-11-08
逃离芝加哥,益智类,2022-11-08
豪华别墅快逃脱,益智类,2022-11-08
猫鼬夫妇救援,益智类,2022-11-08
神秘幻觉森林逃脱,益智类,2022-11-08
午夜汽车收钻石,体育类,2022-11-08
图腾闪避球,敏捷篇,2022-11-08
扫雷舰长,益智类,2022-11-07
逃离深海之中,益智类,2022-11-07
木块拼接,益智类,2022-11-07
救援蓝雀,益智类,2022-11-07
救援困惑的猴子,益智类,2022-11-07
逃离电动汽车,益智类,2022-11-07
直升机大挑战,敏捷篇,2022-11-07
逃离养鸭场2,益智类,2022-11-07
英雄冒险,冒险类,2022-11-07
可爱花童逃脱,益智类,2022-11-07
逗小猴开心系列711,益智类,2022-11-07
小矮人之城,益智类,2022-11-07
密码之书,益智类,2022-11-07
神秘的城堡探险,益智类,2022-11-07
寻找天使羽毛,益智类,2022-11-07
校园失物招领,益智类,2022-11-06
荒废的郊区,益智类,2022-11-06
救援漂亮的女海盗,益智类,2022-11-06
小恐龙快逃跑,益智类,2022-11-06
可爱的龙虾逃脱,益智类,2022-11-06
煤矿井下逃生,益智类,2022-11-06
救援蓝色的小蛇,益智类,2022-11-06
美丽的猫头鹰逃脱,益智类,2022-11-06
训练数学学霸,益智类,2022-11-06
森林小屋快逃脱,益智类,2022-11-06
逃离豪华汽车展厅,益智类,2022-11-05
山景别墅逃生,益智类,2022-11-05
彩色液体分类,益智类,2022-11-05
救出可怜的驴,益智类,2022-11-05
救援莎能奶羊,益智类,2022-11-05
救出可怜的小鸭子,益智类,2022-11-05
救援受困的鹤,益智类,2022-11-05
坦克双人战争,射击类,2022-11-05
救援魔法男子,益智类,2022-11-05
走失的水手,益智类,2022-11-05
追求魔法,益智类,2022-11-05
万圣节前的准备,益智类,2022-11-05
端庄伊丽莎白装,装扮类,2022-11-05
迷人的万圣妆容,装扮类,2022-11-05
帮助袋鼠逃离,益智类,2022-11-05
救出可爱的松鼠,益智类,2022-11-04
金雀逃脱,益智类,2022-11-04
寻找咖啡杯,益智类,2022-11-04
小鸟逃跑,益智类,2022-11-04
救援快乐的兔子姑娘,益智类,2022-11-04
花花大战僵尸,策略类,2022-11-04
逃离城市房屋,益智类,2022-11-04
空中跑酷之王,敏捷篇,2022-11-04
造梦大乱斗,动作类,2022-11-04
休闲小时光,休闲类,2022-11-04
2048球体2,敏捷篇,2022-11-04
逃离紫色之林,益智类,2022-11-04
救援可怜的渡渡鸟,益智类,2022-11-04
救援饥饿的女朋友,益智类,2022-11-04
星际风格服饰,装扮类,2022-11-04
昏暗儿童房逃生76,益智类,2022-11-04
救援受困的小蚂蚁,益智类,2022-11-04
最佳情侣穿搭,装扮类,2022-11-04
魔法森林草,益智类,2022-11-04
秘密的海盗岛,益智类,2022-11-04
水晶泡森林逃脱,益智类,2022-11-04
诡异的万圣村,益智类,2022-11-04
僵尸任务12,冒险类,2022-11-03
援救笼中恐龙,益智类,2022-11-03
我的猫咖,模拟经营,2022-11-03
安娜逃脱,益智类,2022-11-03
可爱图形相连,益智类,2022-11-03
街头小汽车驾驶,体育类,2022-11-03
轨道羊羔逃生,益智类,2022-11-03
未来卡车驾驶,体育类,2022-11-03
跳跃小红块,敏捷篇,2022-11-03
拯救可爱的兔子,益智类,2022-11-03
逃出蓝色调房屋4,益智类,2022-11-03
聪明姑娘逃脱,益智类,2022-11-03
救援忍者老鼠,益智类,2022-11-03
涂鸦机器人冒险,冒险类,2022-11-03
救援迷人的怪物,益智类,2022-11-03
救援清秀的怪物,益智类,2022-11-03
救援可爱的鹿,益智类,2022-11-03
刀锋剑客拼图,益智类,2022-11-03
逃离鸟林,益智类,2022-11-03
救援有趣的红蚂蚁,益智类,2022-11-03
帮刺猬逃离,益智类,2022-11-03
小狼踢足球,敏捷篇,2022-11-03
寻找姑娘的手机,益智类,2022-11-03
援救老虎幼崽,益智类,2022-11-03
时尚带绳服饰,装扮类,2022-11-02
秋季冒险,益智类,2022-11-02
背后的真相,益智类,2022-11-02
惊喜大师,益智类,2022-11-02
芭蕾舞者娇娇,装扮类,2022-11-02
疯狂飞行员,射击类,2022-11-02
萌物环环扣,益智类,2022-11-02
救援可怜的渔夫,益智类,2022-11-02
鸡蛋进热锅,益智类,2022-11-02
草坪收割者,敏捷篇,2022-11-02
雨天男孩逃脱,益智类,2022-11-02
南瓜巫师逃脱,益智类,2022-11-02
糖豆人淘汰赛,休闲类,2022-11-02
小怪物快逃跑,益智类,2022-11-02
救援白色羊驼,益智类,2022-11-02
救援年迈的熊,益智类,2022-11-02
悠哉钓鱼,敏捷篇,2022-11-02
建造熊猫雕像,休闲类,2022-11-02
救援幸福的老夫妇,益智类,2022-11-02
救援女术士,益智类,2022-11-02
救援雄狐,益智类,2022-11-02
救援有趣的蜂蜜,益智类,2022-11-02
学校假期逃脱,益智类,2022-11-02
逗小猴开心系列710,益智类,2022-11-02
丢失的钻石,益智类,2022-11-02
时尚小姑娘逃脱,益智类,2022-11-01
邪恶的南瓜怪,益智类,2022-11-01
自然回忆录,益智类,2022-11-01
布伦达探险家,益智类,2022-11-01
时尚长马甲,装扮类,2022-11-01
伊莎的春色服装,装扮类,2022-11-01
载人摩托,敏捷篇,2022-11-01
壮汉大比拼2,敏捷篇,2022-11-01
神奇脑回路,休闲类,2022-11-01
逃离士兵营地,益智类,2022-11-01
空间管理大师,休闲类,2022-11-01
救出饥饿的女子3,益智类,2022-11-01
救援鱼鸦,益智类,2022-11-01
兰博基尼汽车逃脱,益智类,2022-11-01
救援花蜜蜂,益智类,2022-11-01
领地冲突,策略类,2022-11-01
漂亮小男孩逃脱,益智类,2022-11-01
正能量联盟,敏捷篇,2022-11-01
逃离洛杉矶,益智类,2022-11-01
方块酷跑,敏捷篇,2022-11-01
双人井字棋,棋牌类,2022-10-31
玩具小屋逃脱9,益智类,2022-10-31
立方体快速翻转,敏捷篇,2022-10-31
把杯子装满,益智类,2022-10-31
救援可怜的家伙,益智类,2022-10-31
神奇花园,益智类,2022-10-31
特别的优惠,益智类,2022-10-31
万圣主题屋找不同,益智类,2022-10-31
快速搭建房屋,敏捷篇,2022-10-31
玩具小屋逃脱13,益智类,2022-10-31
万圣节海滩别墅,益智类,2022-10-31
逃出整洁小房屋,益智类,2022-10-31
舒适卧室逃脱,益智类,2022-10-31
橡胶人地牢突击,射击类,2022-10-31
消灭曲奇饼,射击类,2022-10-31
双面人先生,冒险类,2022-10-30
字母连携,益智类,2022-10-30
火柴人无限火力,益智类,2022-10-30
青蛇逃脱,益智类,2022-10-30
欢快的老鼠逃跑,益智类,2022-10-30
可爱女孩逃出房屋,益智类,2022-10-30
寻找汤姆丢失的钱,益智类,2022-10-30
3D麻将连一连,益智类,2022-10-30
气泡碰撞消除,益智类,2022-10-30
小鱼方块连连看,益智类,2022-10-30
连环汽车驾驶,体育类,2022-10-30
小心脚下的桥,敏捷篇,2022-10-30
忍者战怪物,敏捷篇,2022-10-30
史蒂夫和亚历克斯,冒险类,2022-10-30
熊猫糖果泡泡龙,休闲类,2022-10-30
40米大长刀,益智类,2022-10-29
萌龙与勇士,休闲类,2022-10-29
大塔楼小广场2,冒险类,2022-10-29
大塔楼小广场,冒险类,2022-10-29
逃离凄凉的森林3,益智类,2022-10-29
逃离绿色草坪后院,益智类,2022-10-29
小妖躺平,策略类,2022-10-29
救出可怜的松鼠,益智类,2022-10-29
救出粉红小猪仔,益智类,2022-10-29
救援哭泣的女孩2,益智类,2022-10-29
救援时髦的男子,益智类,2022-10-29
救援小螳螂,益智类,2022-10-29
皇室守卫,益智类,2022-10-29
森林保护中心,益智类,2022-10-29
给国王的礼物,益智类,2022-10-29
疯狂的空中方块,敏捷篇,2022-10-28
不要生气了,冒险类,2022-10-28
蜘蛛方块,敏捷篇,2022-10-28
零之战线,策略类,2022-10-28
索因克,冒险类,2022-10-28
办公室图片找茬,益智类,2022-10-28
禁卫军塔,射击类,2022-10-28
有趣的铅笔逃脱,益智类,2022-10-28
蝙蝠离开恶魔城,敏捷篇,2022-10-28
